"reviews","sentiment"
"Leuke taal!","tevreden"
"Efficiënt programmeren noemen ze dat?!!","ontevreden"
"Interessante packages!!!","tevreden"
"Ik haat dat inspringen...","ontevreden"
"Blij dat ik er nu mee kan werken.","tevreden"
"Verwarrende syntax, slechte documentatie","ontevreden"
"Coole libraries!!","tevreden"
"Efficiënt om in te programmeren","tevreden"
"Snel en krachtig!","tevreden"
"Trekt op niks","ontevreden"
"I like it!","tevreden"
"Bah, rommel!","ontevreden"
"Niet moeilijk, eigenlijk gemakkelijk","tevreden"
"Tijdverlies","ontevreden"
"I love it!!!","tevreden"
"Propere en leesbare syntax","tevreden"
"Je kan er ongelooflijk veel mee doen!","tevreden"
"Ik vind het maar niks.","ontevreden"
"Traag?","ontevreden"
"twee keer niks","ontevreden"
"geen slechte taal... bijlange geen slechte taal eigenlijk.","tevreden"
"Niet gemakkelijk, eigenlijk moeilijk","ontevreden"
"Ik word misselijk van al die underscores...","ontevreden"
"I love Java!","ontevreden"
"Niks kan aan Python tippen!","tevreden"
"rommel, rommel en nog eens rommel...","ontevreden"
"Programmeren moeilijk? Niet meer met Python!","tevreden"
".NET!","ontevreden"
"Coole taal? Leesbare syntax? Says who? Bah!","ontevreden"
"ongelooflijk krachtig","tevreden"