﻿Title;Will Smith;Martin Lawrence;John Travolta;Uma Thurman;Samuel L Jackson;Bruce Willis;Leonardo DiCaprio
Bad Boys;1;1;0;0;0;0;0
Bad Boys II;1;1;0;0;0;0;0
Bad Boys for Life;1;1;0;0;0;0;0
Men in Black;1;0;0;0;0;0;0
Men in Black II;1;0;0;0;0;0;0
Men in Black III;1;0;0;0;0;0;0
Wild Hogs;0;1;1;0;0;0;0
Pulp Fiction;0;0;1;1;1;1;0
Django Unchained;0;0;0;0;1;0;1
The Avengers;0;0;0;1;0;0;0
Kill Bill Vol 1;0;0;0;1;0;0;0
Kill Bill Vol 2;0;0;0;1;1;0;0
Titanic;0;0;0;0;0;0;1
Unbreakable;0;0;0;0;1;1;0
