text,labels
purple green: ,0
black Orange red yellow PURPLE ,0
white Yellow. red ,0
purple white black orange GREEN red blue ,1
"blue, green orange: white ",0
red BLACK GREEN ,0
purple white black yellow red Orange - ,1
Blue yellow purple Red white green black ,1
purple green blue ,0
white red; orange purple green BLACK yellow ,1
white ORANGE yellow red. BLUE purple? green ,1
"red white, orange: ",0
"white? ORANGE green Blue RED yellow, purple ",1
white; red - black? orange! yellow ,0
Orange purple? black Green blue White ,1
black red ,0
yellow Red black purple - ,0
blue white purple ,0
"blue black, green, purple yellow ORANGE ",1
white green yellow ,0
BLACK? Purple blue yellow ,0
White. orange red: ,0
purple yellow: green black blue white red: ,1
yellow black orange ,0
red purple ,0
purple orange; white: yellow ,0
"Yellow white, PURPLE - green; ",0
orange purple green ,0
"yellow. orange red. blue. white green, ",1
"purple yellow. green, ",0
red WHITE! YELLOW purple ,0
purple white - orange blue red yellow green ,1
red green white blue yellow purple ,1
yellow green. Black red white blue: ,1
orange purple. white RED ,1
blue red! yellow black White ,1
red blue yellow white purple green ,1
Blue black yellow green; ,1
white black ,0
blue red orange green yellow white purple: ,1
black red Green orange white ,1
white purple red green. black blue orange ,1
blue yellow purple white black green ,1
yellow black orange red ,0
white red black green blue orange Purple ,1
Purple red green WHITE orange Blue ,1
"blue, yellow red purple orange black - WHITE ",1
black orange yellow ,0
GREEN ORANGE black: purple red blue? ,1
blue - green ,0
RED green black ,0
blue: green red ,0
orange blue white yellow! red ,1
"green yellow red, Blue Black orange purple ",1
green. red white purple black. orange ,1
YELLOW! white green ,0
orange black ,0
green: white orange purple blue black RED: ,1
blue yellow ,0
white BLACK. ,0
red purple: ,0
yellow Blue ORANGE ,0
green PURPLE white ,0
orange red white ,0
orange black yellow: ,0
orange black purple ,0
ORANGE blue? BLACK ,0
GREEN orange white red ,0
white green ,0
"purple, orange blue YELLOW ",1
purple Green orange blue yellow ,1
Green purple YELLOW White Orange ,0
"black yellow: blue, red purple ",0
yellow blue white - red orange ,1
Blue orange black purple yellow red ,1
blue yellow purple ,0
"yellow white! blue - ORANGE red, purple black! ",1
white ORANGE ,0
black blue purple white green yellow red ,1
purple BLACK green yellow ,0
purple white: ,0
yellow GREEN black red ,0
purple WHITE Yellow orange ,0
"Orange white! blue black purple green, Yellow ",1
blue Green yellow! orange ,0
blue white - Green orange purple yellow red ,1
orange; green ,0
black purple white yellow red ,0
PURPLE red yellow orange white blue black ,1
white! blue red Orange ,0
green blue white red black PURPLE orange ,1
yellow blue red black ,0
purple blue white! Orange green Red yellow ,1
orange white black green ,0
blue black white PURPLE orange yellow Green ,1
black Purple green blue red! white ,1
yellow red; blue purple ,0
purple - green YELLOW black Blue? ,1
White green purple ,0
blue Black ,0
"Orange Purple Black, yellow green ",1
black orange yellow purple blue ,1
"BLUE? green purple Yellow, ",0
ORANGE? black ,0
purple - white ,0
Blue green white; red purple! orange yellow ,1
Orange. Blue green yellow purple red ,1
"Yellow green black, ",0
PURPLE Yellow white; black green red: ,1
RED yellow blue white purple Orange ,1
purple BLACK white ,0
black blue ,0
black green yellow blue red purple orange ,1
black blue RED orange purple ,0
Purple BLACK ,0
Blue purple red: yellow Black ,0
white BLACK blue orange green. Red? ,1
orange black RED blue: green ,0
purple. Black red blue ,0
blue purple red ,0
red green blue orange yellow white black - ,1
green - blue ,0
white yellow ,0
blue purple! Orange green - ,0
BLUE - green? yellow black ,1
black green blue yellow: orange red ,1
orange black BLUE purple Green - ,1
orange green? white black ,0
red blue green yellow purple White! ,1
orange blue - Green black red Purple ,1
"Black yellow! orange purple red, blue ",1
green? Orange purple black ,1
green white black blue ,0
yellow: white orange purple ,0
orange yellow ,0
White green. purple black? blue: ,0
black blue! orange - yellow green: white ,1
white blue ,0
purple Green ,0
WHITE red ,0
white BLUE ,0
yellow blue Black ,0
orange red ,0
PURPLE red green? BLACK white Yellow ,1
purple. blue yellow; orange black WHITE! red ,1
yellow purple ,0
RED orange white green? black yellow ,1
yellow White green: black ,0
white black orange red purple green ,1
black! yellow? orange white red ,0
"purple, white black red yellow orange blue ",1
orange blue. yellow green ,0
purple blue RED Black ,0
White purple red ,0
Blue Green Red orange ,0
green orange. blue ,0
blue orange white red purple yellow - ,1
blue BLACK purple orange white red ,1
YELLOW red Orange blue - purple white ,1
"yellow, blue orange: green White black purple ",1
Red green orange yellow; White ,0
yellow red - ,0
black Blue ,0
yellow purple BLACK - RED white blue orange? ,1
black White? blue purple ,0
red: blue Yellow purple ,0
yellow purple green blue red ,0
yellow blue red green orange ,0
black white red ,0
orange black White blue red GREEN ,1
white orange purple ,0
"BLACK WHITE Red GREEN yellow purple, blue? ",1
Blue White Black RED; orange green ,1
WHITE green blue orange ,0
"blue, white: purple? ",0
Red green blue white yellow black - ,1
yellow white green: purple blue orange black ,1
red - BLACK orange green white! yellow blue ,1
Blue white orange! purple? Black red ,1
purple BLUE green ,0
yellow blue ,0
white green red Yellow ,0
"red, Blue. black ",0
GREEN purple? Black red yellow orange white! ,1
blue yellow black orange purple ,1
red white ,0
orange purple black red YELLOW ,0
green blue? ,0
blue! green yellow white purple Red - ,1
black: orange. blue ,0
orange white red green blue - ,0
"yellow, ORANGE ",0
blue! PURPLE red orange white yellow. Black ,1
black Red - green ,0
blue purple - orange white green: black ,1
white Black blue RED green orange yellow; ,1
YELLOW black BLUE ,0
yellow! black blue ,0
red black green ,0
ORANGE blue ,0
black yellow purple green blue red ,1
blue orange. ,0
orange White red ,0
green Red ,0
"orange? green, WHITE red ",0
orange purple ,0
blue red orange Purple yellow ,1
red purple yellow: ,0
black white red - orange ,0
yellow black purple GREEN. Blue White red - ,1
white yellow Red green blue black ,1
black - purple; blue? red ORANGE white ,1
yellow black red ,0
purple blue white red green; orange black ,1
"red white, purple black; blue ORANGE yellow. ",1
Blue! yellow red! WHITE ,1
black green white blue Purple red? orange? ,1
black: yellow white orange blue ,0
black orange BLUE ,0
White Black! red yellow! ,0
Red WHITE green blue orange purple yellow ,1
green; yellow ,0
White black purple? yellow red green; blue; ,1
blue orange; black Green? purple ,1
orange; black? green YELLOW WHITE Purple - red ,1
"green black PURPLE! Red! white; blue, ",1
blue yellow orange ,0
black? yellow Purple ,0
green Red? orange blue ,0
"orange blue yellow. green. red purple, ",1
red green YELLOW purple white orange ,1
black red blue yellow ,0
RED blue - orange ,0
orange blue green black yellow purple white ,1
red white green ,0
orange RED! ,0
white blue ,0
YELLOW Purple orange - blue ,1
blue purple black red ,0
yellow Black! orange ,0
white blue: ,0
purple ORANGE white yellow? ,0
black red? green orange - blue purple ,1
blue green orange: RED white ,0
black purple blue yellow White ,0
yellow: blue white red BLACK; ,1
purple; orange? green yellow ,0
blue green red black PURPLE - ,0
orange red BLUE ,0
purple. black orange ,0
blue? black. green? purple white orange; ,1
blue red ,0
yellow black blue green ,1
yellow red white: ,0
purple! GREEN ,0
red blue purple Yellow black ,0
orange black ,0
white green red orange: ,0
red! purple white YELLOW orange green ,1
yellow green ,0
"Black - PURPLE, ",0
BLUE red yellow green black; orange ,1
red orange purple: yellow BLACK white ,1
green black white ,0
YELLOW! WHITE black ,0
blue white PURPLE? red black ,0
red? green; Black yellow Orange! ,0
white blue green orange red black ,1
white yellow black green orange ,0
white orange ,0
blue yellow. ,0
ORANGE yellow green black purple? ,1
orange black red purple blue WHITE yellow? ,1
yellow. black ,0
red orange! purple Black ,0
Red purple? ,0
orange blue red ,0
black orange Yellow! red - blue ,0
purple Blue White red orange yellow ,1
Red orange white. blue green purple ,1
orange green yellow red white purple ,1
white Yellow Green? blue. Orange black ,1
green white yellow ,0
Blue purple ,0
black yellow red blue PURPLE ,0
green black. purple blue white orange Yellow ,1
black GREEN - blue White yellow purple ,1
green blue red purple white orange yellow ,1
orange Green BLACK. ,0
"orange, blue! black green ",0
yellow. black? ,0
BLUE red purple orange Green white black ,1
Green blue red ,0
black Blue white red. orange YELLOW Purple ,1
black White purple ORANGE ,0
white green red purple? ,0
black - purple. red white ,0
BLUE; green yellow ,0
black white orange ,0
Blue white! yellow? green! ,0
GREEN! red: purple white ,0
red blue black ,0
orange; green RED yellow blue purple white - ,1
Blue red orange purple - WHITE black ,1
Black orange blue ,0
white red; GREEN black yellow! Orange blue ,1
blue RED Yellow! green black White ,1
ORANGE Green! blue? purple. black ,1
orange? black white purple red Yellow ,1
purple? yellow blue green ,0
blue black purple green white ,0
purple black blue ,0
purple red blue; orange black ,0
orange Purple blue Yellow black ,1
black White yellow Green blue ,1
yellow Blue white red? black green ,1
purple red green: black ORANGE white ,1
Purple red; orange blue black green ,1
"orange white green purple, ",0
yellow purple red ,0
black blue orange red white purple: Yellow ,1
red black purple. orange blue YELLOW White ,1
yellow white blue purple red green ,1
"yellow. white orange, ",0
Red purple White black ,0
yellow green White ,0
red blue White orange black yellow Purple ,1
Red WHITE green purple blue! black ,1
blue - YELLOW purple white ,0
purple white blue green. Black red ,1
YELLOW red purple blue black. GREEN ,1
black blue red YELLOW purple white green ,1
"Purple black blue, ",0
white orange yellow: ,0
red blue yellow Green ,0
blue Red purple ORANGE Black green ,1
orange red ,0
green orange? blue WHITE red? ,0
"orange? yellow - blue, ",0
yellow; blue Red ,0
red purple BLUE orange yellow; black ,1
red black white ,0
yellow blue white? red orange purple - ,1
orange black red ,0
green white orange yellow! purple ,0
blue orange green yellow PURPLE white ,1
Red blue purple yellow; orange ,1
"red, purple green white yellow ",0
"PURPLE, blue? black - RED WHITE ",0
"GREEN, red yellow orange purple! black white ",1
orange yellow blue black ,0
orange green purple Yellow; blue ,1
purple blue Yellow black ,0
black PURPLE! yellow blue RED - white: orange ,1
green RED orange purple blue ,0
blue! BLACK orange ,0
green - red black yellow white ,1
"orange black green purple, ",1
yellow - green orange blue white ,0
orange Purple. yellow! white black BLUE ,1
yellow! red orange green white purple ,1
RED white blue black orange; ,0
yellow - Orange black white Green ,0
white orange black red GREEN - ,1
ORANGE green? red black Blue yellow - white ,1
"blue green white! red - orange yellow, black ",1
orange yellow. green ,0
white black ,0
PURPLE white green orange red yellow Black ,1
blue Purple black green Yellow ,1
black. Green blue purple ,0
blue orange green ,0
black purple yellow white green: ,0
"green! black white, purple ",0
green black White red yellow ,1
white red ORANGE black green blue ,1
yellow black purple ,0
"yellow BLACK, white Green? orange! purple red ",1
white purple - ,0
purple BLUE black orange ,0
Green white - yellow orange ,0
Purple orange GREEN blue: Red? ,0
purple - white yellow: red blue? ,1
red orange blue black purple ,0
orange Blue Red Yellow purple ,1
"yellow red blue, green - White ",1
orange purple yellow! blue green ,1
GREEN orange ,0
Black Yellow ,0
green black yellow purple orange blue ,1
orange black! WHITE Green ,0
"PURPLE, green Blue orange! black white red: ",1
blue black red ,0
Blue; black yellow purple Green red ,1
RED white: black? ,0
GREEN yellow white; red purple? ,0
green black yellow orange white blue ,1
blue orange yellow white red? Green black ,1
red white Yellow black. green blue ,1
green red black white purple yellow blue ,1
yellow purple blue; ,0
RED Black: orange! purple ,0
yellow! orange white black green ,0
white black purple yellow red ,0
blue yellow; green? black white ,1
BLUE white green purple ,0
black Red WHITE orange Green purple ,1
Purple yellow? blue green Red; ,0
"purple red black Orange white green yellow, ",1
green red ,0
white yellow; black red blue purple ,1
orange blue! White ,0
purple; green: red orange white BLUE ,1
black ORANGE red green yellow white purple ,1
red white ,0
white Green BLUE yellow ,0
orange - White blue yellow? green ,0
red orange black yellow white BLUE ,1
"orange red, yellow purple: white blue black! ",1
blue white red black green ,1
yellow! blue BLACK green white ORANGE ,1
white green blue! purple Orange ,0
BLACK - white purple GREEN red! yellow blue ,1
YELLOW GREEN blue orange red ,0
purple. blue Green black - yellow ,1
red purple? White ,0
"white green black, red ",1
orange red yellow black! purple blue White! ,1
white YELLOW red ,0
white: green purple red black yellow ,1
green. white; red ,0
blue white orange ,0
yellow. orange blue red purple White ,1
red black purple green ,0
yellow: blue ,0
orange; yellow red. black ,0
GREEN white black purple ,0
white red orange green: ,0
red; WHITE ,0
yellow WHITE! orange purple ,0
yellow purple GREEN white orange - ,0
ORANGE yellow red white purple blue ,1
white Blue yellow: ,0
yellow black White red purple green blue ,1
white; green black blue red purple orange ,1
yellow: BLACK ,0
PURPLE white ,0
black purple ,0
yellow blue; ,0
red: black green orange: PURPLE: yellow ,1
Yellow blue white ,0
Orange: Yellow Purple white blue ,1
white? black Blue red - ,0
yellow? Red green ORANGE ,0
"orange, BLUE purple black white - yellow green ",1
PURPLE Green ,0
"blue green white, purple ",0
purple white? black yellow blue RED ,1
"red blue orange, ",0
white green ,0
Purple: green white black ,0
orange purple green ,0
green Yellow ,0
PURPLE RED orange white green blue ,1
Orange? white green purple ,0
purple green red! white yellow blue black ,1
black purple? ,0
white ORANGE red GREEN ,0
Orange yellow: green. black: blue red white ,1
white ORANGE. yellow - green blue purple! ,1
black orange; ,0
"blue orange black, red yellow ",0
orange red black; ,0
blue White yellow black orange; purple? red ,1
purple red ,0
white Green blue orange red purple ,1
green white orange! ,0
yellow. green. black blue: ,1
black purple blue ,0
"yellow White green BLACK Red purple, ",1
blue red purple Black WHITE ,0
green! Red blue yellow ,0
green purple black blue ,0
orange yellow purple! ,0
orange white black ,0
"white, orange purple blue green - red ",1
red orange Black ,0
green orange blue red yellow ,0
orange green blue ,0
"ORANGE WHITE red, ",0
blue yellow ,0
purple white yellow! blue red ,1
orange purple blue yellow black green ,1
black PURPLE? ,0
red yellow blue green black. orange ,1
orange purple blue black Red Green ,1
black red blue Green ,0
"white, blue; yellow green purple black red ",1
purple blue: yellow orange. ,1
purple - red black: white? ,0
YELLOW Blue; white ,0
"yellow Purple, white green black; red orange ",1
yellow WHITE green red! PURPLE ,0
green purple black ,0
black red green ,0
yellow red: white ,0
PURPLE black yellow RED ,0
purple red ,0
orange red green - black ,0
purple black? orange; yellow ,0
blue purple ,0
red green BLUE yellow white orange; ,1
orange RED; white BLACK ,0
RED YELLOW white orange ,0
green Black. red ,0
"yellow. purple green Black orange, blue red ",1
White red ,0
orange blue white? purple yellow ,1
blue white Yellow red orange ,1
GREEN black - red blue: yellow ,1
"red white, blue! black YELLOW; orange purple ",1
yellow Orange? ,0
BLUE: red green Yellow purple orange. ,1
blue Red ,0
orange purple Yellow ,0
blue GREEN orange BLACK? white! red ,1
yellow blue ,0
purple BLACK ,0
purple; white black orange: ,0
white blue green: ,0
Green yellow black ORANGE; white ,0
"purple orange red, green; black blue white ",1
purple WHITE Blue! yellow black - green ,1
PURPLE white YELLOW RED blue orange ,1
BLUE white ,0
Black white ,0
green yellow; ,0
"red yellow purple; Orange white GREEN, blue ",1
Red. green PURPLE black white ,1
blue red orange black purple yellow green ,1
yellow green black - red Orange white ,1
black green ,0
Orange yellow WHITE purple ,0
white ORANGE; black: ,0
"White Orange, yellow green purple BLACK ",1
ORANGE blue green red black yellow ,1
red ORANGE green. purple ,0
purple Green ,0
"red yellow black purple, ",0
white green Orange yellow purple! red blue: ,1
red white black ,0
red Orange purple. yellow GREEN white ,1
Purple black green white Red? ,1
Orange green ,0
black white yellow ,0
"white, purple RED black green BLUE ",1
blue black ,0
RED - WHITE blue green ,0
"Yellow! black Purple - white; red green orange, ",1
Purple; black GREEN White ,0
black purple. yellow green blue white ORANGE ,1
"blue, purple! orange ",0
blue white - black purple ,0
black blue red yellow white purple green: ,1
black red! orange purple YELLOW ,0
yellow blue? GREEN red white ,1
purple red yellow orange green; ,0
green Orange black. red yellow WHITE ,1
"Purple Blue orange green Black, ",1
blue black Red green Purple; white ,1
purple blue black yellow: white orange ,1
blue purple yellow - red black white. orange ,1
white Purple yellow green ,0
green BLUE! ,0
blue black Green purple yellow ,1
RED orange yellow green. black ,0
blue; green! orange ,0
black Green: yellow Red orange purple white ,1
red White purple yellow blue orange; ,1
black white red? ,0
purple green Red yellow white orange ,1
yellow green Red; purple blue orange ,1
"green! white black BLUE yellow orange, ",1
green WHITE blue purple ,0
black orange yellow green blue ,1
"orange PURPLE White green, blue red ",1
"white PURPLE YELLOW BLACK? BLUE: green, ",1
RED white ORANGE Black blue yellow purple ,1
yellow: green ,0
"red, green orange: ",0
blue black yellow White ,0
Orange! BLACK red green white yellow purple ,1
white - orange; ,0
red blue ,0
"green, black red white orange ",1
purple yellow white orange Blue red ,1
white green orange ,0
Green Blue purple ,0
black: purple white orange red ,1
BLUE red white BLACK yellow orange green ,1
Orange black GREEN! yellow purple; Blue; WHITE ,1
BLUE! green red! white Black PURPLE orange ,1
black GREEN YELLOW? ,0
blue green ,0
YELLOW. black white ,0
green red white purple ,0
black! yellow ,0
white yellow red ,0
purple; Black YELLOW ,0
orange purple: white ,0
red purple blue yellow orange ,1
green BLUE ,0
red black. white orange green ,1
"black, blue, purple! yellow white Orange ",1
"green, white, blue ",0
Yellow - Red - black WHITE green purple; ,1
black purple white green ,0
orange Purple. BLACK ,0
purple: white red; black. ,0
yellow blue? ,0
BLACK yellow blue purple! WHITE red: green ,1
green - ORANGE white ,0
red? orange; black - white. green blue purple ,1
"green Purple orange blue, red white yellow: ",1
"white, GREEN yellow. ",0
"green, Yellow Blue: White ",0
red yellow orange Blue black ,0
Green WHITE ,0
purple white blue orange black red YELLOW ,1
blue red black PURPLE. green: ,0
blue yellow white Red orange ,1
purple RED WHITE BLACK yellow ,0
"white orange purple, GREEN YELLOW ",0
red purple yellow ,0
red: black orange ,0
BLUE orange - red ,0
blue orange yellow red? white! ,1
green - blue yellow? RED ,0
yellow orange Green purple black blue - ,1
blue PURPLE orange ,0
BLACK purple ,0
orange green yellow purple white Blue black ,1
green red ,0
red Purple orange: yellow WHITE blue black; ,1
yellow! Orange Red Blue green purple ,1
purple! yellow ,0
red BLACK BLUE purple ,0
"black purple green yellow, ",0
black? blue ,0
orange blue purple black: red green ,1
BLACK! red white green purple blue ,1
green black; yellow ,0
White yellow: purple Blue red: green ,1
Black Purple yellow! Blue: white? ,0
green blue purple ,0
green Blue; yellow BLACK purple RED ,1
red! white Green ,0
white purple blue ,0
red purple yellow blue green white orange ,1
purple blue ORANGE; ,0
blue: green black ,0
"green red - white, blue yellow Black purple ",1
blue purple RED white black; orange - ,1
white? RED blue black ,0
green white ,0
red green ,0
white black - GREEN: orange yellow blue? ,1
white yellow purple ,0
white black? orange blue red ,0
blue RED! BLACK: yellow Green ,1
red green orange ,0
purple Blue GREEN yellow orange Red Black ,1
purple yellow! orange ,0
blue; yellow: orange red green purple ,1
green yellow. blue red: purple ,0
blue orange black. white ,0
green red blue? ORANGE yellow ,0
Red: black: white orange ,0
orange blue black ,0
white green red orange blue Yellow purple ,1
blue red white black YELLOW: ,1
green WHITE Yellow purple: ,0
orange purple yellow red white! ,1
Yellow WHITE red ,0
yellow GREEN blue red purple ,0
blue yellow? ,0
black; red green purple Orange white YELLOW ,1
black orange white red ,0
yellow purple black White orange red ,1
black white - Orange ,0
yellow purple white black ,0
blue orange green purple red white; YELLOW ,1
"yellow, orange Black purple ",0
White orange! purple ,0
BLUE purple WHITE red ,0
green? WHITE black BLUE Purple Orange red ,1
white red orange ,0
yellow red Orange black White ,0
red? white Yellow Green BLUE black purple ,1
purple orange green ,0
orange Red ,0
white; red purple - ,0
red white black: ,0
orange white purple black ,0
RED green? black ,0
green: Blue white red ,0
purple black White ,0
white yellow PURPLE orange blue ,1
ORANGE purple yellow black blue ,1
yellow black orange? blue? ,0
green black. white ,0
"Purple orange red blue black, ",0
YELLOW ORANGE white: black. blue ,0
BLUE green: black purple? ,0
red white purple ,0
BLUE; red GREEN yellow orange white black ,1
white red ,0
purple white yellow black - ,0
yellow purple ,0
Black white PURPLE blue ,0
ORANGE yellow purple white ,0
black red white purple blue green orange; ,1
blue white orange green; black ,0
red white yellow green blue purple ,1
purple yellow ORANGE green RED blue ,1
white yellow RED ORANGE black BLUE green ,1
purple! green orange blue yellow! black ,1
yellow Orange white red ,0
yellow purple ,0
black red ,0
"green purple red BLUE Orange black, ",1
red - green white black orange purple Yellow ,1
green white red ,0
Green blue Black ,0
RED green orange yellow Black BLUE ,1
GREEN orange? RED; ,0
orange Green red black yellow ,0
blue BLACK: purple red green white - ,1
yellow red white ,0
BLACK? red yellow ,0
Green purple Black: red ,0
"ORANGE: white PURPLE Black, ",0
BLACK white. ,0
white Blue Red? orange BLACK ,0
"white orange red black, yellow blue ",1
YELLOW green purple BLUE? ,0
PURPLE black blue green ,0
yellow - green WHITE orange ,0
yellow purple orange ,0
Yellow red WHITE ,0
blue green black? White ,0
yellow black Orange blue green. ,1
black orange white Red Purple ,1
red; ORANGE Black ,0
"black orange purple, ",0
Green white yellow red blue: ,1
purple: blue RED ORANGE green: white ,1
black ORANGE RED blue YELLOW ,0
yellow black WHITE red blue ,1
ORANGE purple yellow white - ,0
purple blue yellow white green ,0
red Black blue orange yellow: WHITE green ,1
white red green yellow orange blue ,1
"red black, orange ",0
green ORANGE red ,0
ORANGE green blue? black white! red ,1
purple blue ,0
blue? purple white ORANGE: green yellow ,1
red? green orange purple black yellow ,1
yellow! orange black ,0
orange. red blue; Yellow ,0
orange purple blue White red ,1
"white, Green orange red ",0
white blue ,0
yellow blue purple. White; ,0
PURPLE blue GREEN ,0
purple red green ,0
orange green ,0
red blue BLACK white yellow; ,1
orange purple white red black ,1
white green Orange Yellow black red ,1
blue purple ,0
WHITE red blue green purple ,0
blue. white purple: black orange green ,1
white red; ,0
black: yellow - RED ,0
black purple red blue yellow Orange white ,1
red WHITE purple orange yellow Green black ,1
"red, orange purple. green ",0
purple green: red BLACK ,0
RED black YELLOW blue ,0
White purple; orange red; green ,1
purple white ,0
black blue; green white yellow purple orange ,1
"BLACK red yellow, Purple orange ",0
yellow Purple ,0
"purple. RED orange white, blue Green ",1
"purple blue white, ",0
yellow white purple orange red BLUE ,1
"green white, Red; ",0
blue orange: ,0
red ORANGE White Blue purple ,1
blue green yellow white black orange: red ,1
green red - Orange white blue ,0
orange RED BLACK? ,0
white orange purple BLUE yellow red black ,1
yellow orange black red purple ,0
"orange black blue WHITE, yellow purple RED ",1
yellow white: blue black ,0
Red PURPLE white blue orange green ,1
purple orange blue black white - green red: ,1
green purple blue; black red ,0
black blue white green ,0
red Yellow black orange GREEN ,0
black green purple Red White blue orange ,1
Black. blue green ,0
"RED yellow, green white Orange black blue ",1
BLUE purple green black: RED: ,0
"purple blue ORANGE, white red green ",1
orange black ,0
red orange. Purple ,0
black red ,0
green white purple orange - blue ,0
yellow? green Black Blue white ,1
black yellow blue ,0
"black, red ",0
blue yellow green Black purple ,1
yellow! Red orange green ,0
purple orange green! yellow red white blue ,1
purple blue. green orange ,0
blue Black orange green ,0
purple; YELLOW red white - orange: ,1
black blue red yellow green; white ,1
blue white! orange green purple ,0
green black Yellow white ,0
white green ,0
red? blue white: ,0
orange yellow ,0
Green White yellow orange red BLACK purple ,1
"white blue, GREEN, black ",0
red white. Green ORANGE purple ,1
blue - yellow! orange green ,0
yellow Orange! red purple blue black - white ,1
blue ORANGE ,0
"green - black orange red purple yellow, Blue ",1
white orange ,0
black white yellow: orange ,0
white. black yellow Purple blue green orange ,1
red yellow white: ,0
orange red purple: green ,0
"black! yellow, Purple green BLUE ",1
"green yellow, purple black - orange BLUE, ",1
blue yellow green purple? red ORANGE? black ,1
blue Black; white purple ,0
white yellow red blue Black: purple ,1
"red Blue green white, yellow, ",1
purple orange. YELLOW black red white blue ,1
blue green red - black Yellow orange white! ,1
purple red black Orange Blue ,0
"white, orange: ",0
"purple green, ",0
ORANGE Red yellow white black ,0
green Black purple red ,0
purple black GREEN yellow white orange ,1
Orange Purple ,0
white yellow green ,0
blue ORANGE white yellow red ,1
white green orange ,0
WHITE GREEN Blue ,0
"blue yellow white Green, RED purple - ",1
"PURPLE white, red green Yellow blue: orange ",1
RED yellow green white orange blue Black ,1
black - green blue ,0
blue white? YELLOW black purple; red? ,1
purple yellow BLUE black red green orange ,1
"black purple; Green, red? orange? blue ",1
WHITE blue orange yellow red ,1
white PURPLE. ,0
yellow white red black blue ,1
blue: red white black green ,1
red. green: orange black white? blue Yellow ,1
"purple Yellow blue, black white green ",1
white? green. orange blue yellow ,0
purple red orange green white yellow BLUE ,1
white: blue green purple orange red Yellow ,1
red blue purple green orange white black ,1
purple orange black RED? yellow - green blue ,1
white: Green yellow blue! red orange ,1
black Yellow purple green white red ,1
blue red black yellow? ,0
green yellow red ,0
red orange ,0
purple red: Green ,0
"black orange purple white, blue yellow! red ",1
orange purple black ,0
red black green ,0
blue black white red? orange yellow green ,1
orange. red ,0
orange white! YELLOW ,0
orange Black white ,0
orange Purple white blue black ,0
green yellow blue ,0
black White - green blue - purple ,0
blue black ORANGE yellow green ,1
green yellow PURPLE; white black! ,0
red white ,0
Purple blue White? red orange green; black ,1
"green black: blue, purple yellow ",1
yellow BLUE black orange ,0
YELLOW white black - orange? ,0
red purple black ,0
"blue white ORANGE red yellow purple, ",1
black green White ,0
yellow Black red blue ,0
yellow Black White red Purple. orange? ,1
blue WHITE green! BLACK red ,1
purple Yellow white RED ,0
Yellow; white purple green. blue black ,1
blue Yellow white Black purple orange green ,1
"green BLUE, ",0
orange black white purple. ,0
orange yellow purple black red ,0
yellow purple blue ORANGE ,1
yellow purple orange green ,0
"yellow ORANGE blue GREEN, red white purple ",1
PURPLE black Blue green orange red yellow ,1
orange black White ,0
green orange black yellow Red ,0
RED WHITE - orange Green purple ,1
yellow purple ,0
orange? blue purple white black green; yellow ,1
green purple BLUE ,0
green orange WHITE; ,0
purple blue; orange white. black ,0
red: yellow: ,0
white blue red orange black ,0
yellow Purple red black ,0
red orange ,0
orange Black red white PURPLE blue yellow ,1
blue white green Black? yellow purple orange; ,1
purple; yellow ,0
yellow white red ,0
ORANGE black blue ,0
"green white. black orange, yellow purple! BLUE ",1
"yellow, purple - green Orange white red ",1
Purple red white ,0
purple green BLUE ,0
green blue yellow purple ORANGE? red White ,1
white. black blue ORANGE green yellow. RED ,1
purple black blue orange yellow red ,1
yellow orange; green White ,0
green Purple yellow ,0
"black: purple Orange White BLUE - yellow red, ",1
BLACK; red ,0
red black blue ,0
purple Red: ,0
"orange, red purple ",0
green yellow blue purple ,0
white yellow ,0
yellow blue purple? ,0
Orange blue purple Yellow ,1
"blue, red Orange purple ",0
PURPLE BLUE orange ,0
"yellow orange? green, black ",0
YELLOW - purple blue green ,0
white red black: yellow purple blue orange ,1
Black: Blue white orange yellow green purple ,1
yellow? White; orange ,0
red yellow ,0
black yellow; white ,0
"blue black yellow? green Orange, ",1
purple red blue Black white YELLOW green! ,1
blue Green ORANGE black - White red purple ,1
RED black PURPLE blue! ,0
purple green orange. white red black ,1
"white green BLUE purple, red? black yellow ",1
purple white black. yellow ,0
"black purple, Red orange ",0
black RED yellow ,0
black red white? yellow green ,1
"blue yellow green, Orange WHITE red black ",1
YELLOW black ,0
white BLUE yellow Green BLACK purple ,1
ORANGE! red black blue White Yellow ,1
black purple green orange ,1
PURPLE green yellow orange: white ,0
WHITE - yellow blue ,0
blue yellow. ,0
green white black yellow red; ,1
white; yellow PURPLE - blue! red black ,1
Black red orange white ,0
BLACK purple green yellow red? white ,1
green yellow red orange ,0
orange purple - black red white: ,1
purple green red. black. white orange ,1
yellow: white ,0
white green yellow. blue orange Black ,1
"orange; yellow, Green Red ",0
purple white green ,0
ORANGE BLUE white - purple black green red ,1
