{"schema":{"fields":[{"name":"jaarloon","type":"number"},{"name":"gelukscore","type":"number"}],"pandas_version":"0.20.0"},"data":[{"jaarloon":1.0,"gelukscore":0.0},{"jaarloon":1.018,"gelukscore":0.8},{"jaarloon":1.036,"gelukscore":1.1},{"jaarloon":1.0541,"gelukscore":1.8},{"jaarloon":1.0721,"gelukscore":0.3},{"jaarloon":1.0901,"gelukscore":0.7},{"jaarloon":1.1081,"gelukscore":0.0},{"jaarloon":1.1261,"gelukscore":0.3},{"jaarloon":1.1441,"gelukscore":1.1},{"jaarloon":1.1622,"gelukscore":1.7},{"jaarloon":1.1802,"gelukscore":0.5},{"jaarloon":1.1982,"gelukscore":0.0},{"jaarloon":1.2162,"gelukscore":0.0},{"jaarloon":1.2342,"gelukscore":1.5},{"jaarloon":1.2523,"gelukscore":0.0},{"jaarloon":1.2703,"gelukscore":0.3},{"jaarloon":1.2883,"gelukscore":0.5},{"jaarloon":1.3063,"gelukscore":0.9},{"jaarloon":1.3243,"gelukscore":0.0},{"jaarloon":1.3423,"gelukscore":0.0},{"jaarloon":1.3604,"gelukscore":0.3},{"jaarloon":1.3784,"gelukscore":1.4},{"jaarloon":1.3964,"gelukscore":0.0},{"jaarloon":1.4144,"gelukscore":0.5},{"jaarloon":1.4324,"gelukscore":0.0},{"jaarloon":1.4505,"gelukscore":1.7},{"jaarloon":1.4685,"gelukscore":2.6},{"jaarloon":1.4865,"gelukscore":0.3},{"jaarloon":1.5045,"gelukscore":1.3},{"jaarloon":1.5225,"gelukscore":1.0},{"jaarloon":1.5405,"gelukscore":0.7},{"jaarloon":1.5586,"gelukscore":1.2},{"jaarloon":1.5766,"gelukscore":2.0},{"jaarloon":1.5946,"gelukscore":3.0},{"jaarloon":1.6126,"gelukscore":2.0},{"jaarloon":1.6306,"gelukscore":1.8},{"jaarloon":1.6486,"gelukscore":0.9},{"jaarloon":1.6667,"gelukscore":1.5},{"jaarloon":1.6847,"gelukscore":1.0},{"jaarloon":1.7027,"gelukscore":1.0},{"jaarloon":1.7207,"gelukscore":1.2},{"jaarloon":1.7387,"gelukscore":0.0},{"jaarloon":1.7568,"gelukscore":0.0},{"jaarloon":1.7748,"gelukscore":1.7},{"jaarloon":1.7928,"gelukscore":0.0},{"jaarloon":1.8108,"gelukscore":1.4},{"jaarloon":1.8288,"gelukscore":2.8},{"jaarloon":1.8468,"gelukscore":0.1},{"jaarloon":1.8649,"gelukscore":1.7},{"jaarloon":1.8829,"gelukscore":0.1},{"jaarloon":1.9009,"gelukscore":2.5},{"jaarloon":1.9189,"gelukscore":0.0},{"jaarloon":1.9369,"gelukscore":0.0},{"jaarloon":1.955,"gelukscore":1.2},{"jaarloon":1.973,"gelukscore":2.0},{"jaarloon":1.991,"gelukscore":0.1},{"jaarloon":2.009,"gelukscore":0.0},{"jaarloon":2.027,"gelukscore":1.1},{"jaarloon":2.045,"gelukscore":0.0},{"jaarloon":2.0631,"gelukscore":0.4},{"jaarloon":2.0811,"gelukscore":0.3},{"jaarloon":2.0991,"gelukscore":0.0},{"jaarloon":2.1171,"gelukscore":0.3},{"jaarloon":2.1351,"gelukscore":0.0},{"jaarloon":2.1532,"gelukscore":1.0},{"jaarloon":2.1712,"gelukscore":1.2},{"jaarloon":2.1892,"gelukscore":0.9},{"jaarloon":2.2072,"gelukscore":0.3},{"jaarloon":2.2252,"gelukscore":0.0},{"jaarloon":2.2432,"gelukscore":0.0},{"jaarloon":2.2613,"gelukscore":0.0},{"jaarloon":2.2793,"gelukscore":1.6},{"jaarloon":2.2973,"gelukscore":0.1},{"jaarloon":2.3153,"gelukscore":1.0},{"jaarloon":2.3333,"gelukscore":2.8},{"jaarloon":2.3514,"gelukscore":0.8},{"jaarloon":2.3694,"gelukscore":0.3},{"jaarloon":2.3874,"gelukscore":0.0},{"jaarloon":2.4054,"gelukscore":3.3},{"jaarloon":2.4234,"gelukscore":2.5},{"jaarloon":2.4414,"gelukscore":0.7},{"jaarloon":2.4595,"gelukscore":2.2},{"jaarloon":2.4775,"gelukscore":0.0},{"jaarloon":2.4955,"gelukscore":1.0},{"jaarloon":2.5135,"gelukscore":1.1},{"jaarloon":2.5315,"gelukscore":0.9},{"jaarloon":2.5495,"gelukscore":2.7},{"jaarloon":2.5676,"gelukscore":1.2},{"jaarloon":2.5856,"gelukscore":2.8},{"jaarloon":2.6036,"gelukscore":2.2},{"jaarloon":2.6216,"gelukscore":1.1},{"jaarloon":2.6396,"gelukscore":2.5},{"jaarloon":2.6577,"gelukscore":0.6},{"jaarloon":2.6757,"gelukscore":2.5},{"jaarloon":2.6937,"gelukscore":1.8},{"jaarloon":2.7117,"gelukscore":0.0},{"jaarloon":2.7297,"gelukscore":1.7},{"jaarloon":2.7477,"gelukscore":1.7},{"jaarloon":2.7658,"gelukscore":2.1},{"jaarloon":2.7838,"gelukscore":1.8},{"jaarloon":2.8018,"gelukscore":0.5},{"jaarloon":2.8198,"gelukscore":0.9},{"jaarloon":2.8378,"gelukscore":0.7},{"jaarloon":2.8559,"gelukscore":0.8},{"jaarloon":2.8739,"gelukscore":2.6},{"jaarloon":2.8919,"gelukscore":1.2},{"jaarloon":2.9099,"gelukscore":1.8},{"jaarloon":2.9279,"gelukscore":2.1},{"jaarloon":2.9459,"gelukscore":3.1},{"jaarloon":2.964,"gelukscore":1.9},{"jaarloon":2.982,"gelukscore":1.0},{"jaarloon":3.0,"gelukscore":0.6},{"jaarloon":3.018,"gelukscore":1.0},{"jaarloon":3.036,"gelukscore":4.0},{"jaarloon":3.0541,"gelukscore":1.1},{"jaarloon":3.0721,"gelukscore":2.0},{"jaarloon":3.0901,"gelukscore":1.1},{"jaarloon":3.1081,"gelukscore":1.3},{"jaarloon":3.1261,"gelukscore":1.7},{"jaarloon":3.1441,"gelukscore":0.9},{"jaarloon":3.1622,"gelukscore":2.0},{"jaarloon":3.1802,"gelukscore":2.4},{"jaarloon":3.1982,"gelukscore":2.4},{"jaarloon":3.2162,"gelukscore":1.7},{"jaarloon":3.2342,"gelukscore":2.8},{"jaarloon":3.2523,"gelukscore":1.3},{"jaarloon":3.2703,"gelukscore":2.1},{"jaarloon":3.2883,"gelukscore":2.6},{"jaarloon":3.3063,"gelukscore":1.3},{"jaarloon":3.3243,"gelukscore":2.4},{"jaarloon":3.3423,"gelukscore":2.3},{"jaarloon":3.3604,"gelukscore":1.8},{"jaarloon":3.3784,"gelukscore":1.0},{"jaarloon":3.3964,"gelukscore":1.9},{"jaarloon":3.4144,"gelukscore":2.5},{"jaarloon":3.4324,"gelukscore":1.3},{"jaarloon":3.4505,"gelukscore":2.4},{"jaarloon":3.4685,"gelukscore":1.9},{"jaarloon":3.4865,"gelukscore":1.2},{"jaarloon":3.5045,"gelukscore":2.1},{"jaarloon":3.5225,"gelukscore":2.6},{"jaarloon":3.5405,"gelukscore":2.4},{"jaarloon":3.5586,"gelukscore":3.6},{"jaarloon":3.5766,"gelukscore":1.9},{"jaarloon":3.5946,"gelukscore":1.1},{"jaarloon":3.6126,"gelukscore":2.8},{"jaarloon":3.6306,"gelukscore":1.8},{"jaarloon":3.6486,"gelukscore":2.2},{"jaarloon":3.6667,"gelukscore":2.5},{"jaarloon":3.6847,"gelukscore":1.7},{"jaarloon":3.7027,"gelukscore":2.0},{"jaarloon":3.7207,"gelukscore":2.4},{"jaarloon":3.7387,"gelukscore":2.8},{"jaarloon":3.7568,"gelukscore":3.4},{"jaarloon":3.7748,"gelukscore":4.5},{"jaarloon":3.7928,"gelukscore":3.3},{"jaarloon":3.8108,"gelukscore":3.1},{"jaarloon":3.8288,"gelukscore":2.0},{"jaarloon":3.8468,"gelukscore":2.6},{"jaarloon":3.8649,"gelukscore":0.6},{"jaarloon":3.8829,"gelukscore":1.3},{"jaarloon":3.9009,"gelukscore":2.0},{"jaarloon":3.9189,"gelukscore":2.9},{"jaarloon":3.9369,"gelukscore":3.2},{"jaarloon":3.955,"gelukscore":3.2},{"jaarloon":3.973,"gelukscore":0.9},{"jaarloon":3.991,"gelukscore":2.8},{"jaarloon":4.009,"gelukscore":2.2},{"jaarloon":4.027,"gelukscore":1.3},{"jaarloon":4.045,"gelukscore":1.5},{"jaarloon":4.0631,"gelukscore":4.1},{"jaarloon":4.0811,"gelukscore":1.2},{"jaarloon":4.0991,"gelukscore":2.8},{"jaarloon":4.1171,"gelukscore":2.2},{"jaarloon":4.1351,"gelukscore":3.6},{"jaarloon":4.1532,"gelukscore":3.8},{"jaarloon":4.1712,"gelukscore":1.0},{"jaarloon":4.1892,"gelukscore":2.4},{"jaarloon":4.2072,"gelukscore":2.0},{"jaarloon":4.2252,"gelukscore":3.4},{"jaarloon":4.2432,"gelukscore":4.3},{"jaarloon":4.2613,"gelukscore":2.3},{"jaarloon":4.2793,"gelukscore":3.7},{"jaarloon":4.2973,"gelukscore":2.7},{"jaarloon":4.3153,"gelukscore":2.5},{"jaarloon":4.3333,"gelukscore":2.6},{"jaarloon":4.3514,"gelukscore":4.4},{"jaarloon":4.3694,"gelukscore":2.4},{"jaarloon":4.3874,"gelukscore":3.8},{"jaarloon":4.4054,"gelukscore":3.4},{"jaarloon":4.4234,"gelukscore":1.1},{"jaarloon":4.4414,"gelukscore":2.5},{"jaarloon":4.4595,"gelukscore":3.4},{"jaarloon":4.4775,"gelukscore":0.6},{"jaarloon":4.4955,"gelukscore":2.8},{"jaarloon":4.5135,"gelukscore":3.6},{"jaarloon":4.5315,"gelukscore":3.8},{"jaarloon":4.5495,"gelukscore":0.7},{"jaarloon":4.5676,"gelukscore":2.4},{"jaarloon":4.5856,"gelukscore":4.2},{"jaarloon":4.6036,"gelukscore":2.2},{"jaarloon":4.6216,"gelukscore":2.4},{"jaarloon":4.6396,"gelukscore":4.5},{"jaarloon":4.6577,"gelukscore":5.1},{"jaarloon":4.6757,"gelukscore":2.2},{"jaarloon":4.6937,"gelukscore":1.4},{"jaarloon":4.7117,"gelukscore":3.1},{"jaarloon":4.7297,"gelukscore":2.3},{"jaarloon":4.7477,"gelukscore":3.3},{"jaarloon":4.7658,"gelukscore":2.9},{"jaarloon":4.7838,"gelukscore":1.8},{"jaarloon":4.8018,"gelukscore":4.0},{"jaarloon":4.8198,"gelukscore":3.3},{"jaarloon":4.8378,"gelukscore":2.7},{"jaarloon":4.8559,"gelukscore":2.9},{"jaarloon":4.8739,"gelukscore":3.5},{"jaarloon":4.8919,"gelukscore":4.0},{"jaarloon":4.9099,"gelukscore":2.9},{"jaarloon":4.9279,"gelukscore":5.4},{"jaarloon":4.9459,"gelukscore":4.3},{"jaarloon":4.964,"gelukscore":3.9},{"jaarloon":4.982,"gelukscore":4.1},{"jaarloon":5.0,"gelukscore":3.2},{"jaarloon":5.018,"gelukscore":3.1},{"jaarloon":5.036,"gelukscore":3.7},{"jaarloon":5.0541,"gelukscore":3.0},{"jaarloon":5.0721,"gelukscore":4.2},{"jaarloon":5.0901,"gelukscore":3.3},{"jaarloon":5.1081,"gelukscore":2.9},{"jaarloon":5.1261,"gelukscore":3.8},{"jaarloon":5.1441,"gelukscore":4.2},{"jaarloon":5.1622,"gelukscore":3.9},{"jaarloon":5.1802,"gelukscore":1.5},{"jaarloon":5.1982,"gelukscore":4.0},{"jaarloon":5.2162,"gelukscore":2.7},{"jaarloon":5.2342,"gelukscore":3.6},{"jaarloon":5.2523,"gelukscore":2.1},{"jaarloon":5.2703,"gelukscore":4.8},{"jaarloon":5.2883,"gelukscore":4.6},{"jaarloon":5.3063,"gelukscore":2.9},{"jaarloon":5.3243,"gelukscore":4.2},{"jaarloon":5.3423,"gelukscore":5.0},{"jaarloon":5.3604,"gelukscore":3.5},{"jaarloon":5.3784,"gelukscore":4.3},{"jaarloon":5.3964,"gelukscore":2.9},{"jaarloon":5.4144,"gelukscore":4.5},{"jaarloon":5.4324,"gelukscore":3.2},{"jaarloon":5.4505,"gelukscore":3.4},{"jaarloon":5.4685,"gelukscore":4.9},{"jaarloon":5.4865,"gelukscore":3.2},{"jaarloon":5.5045,"gelukscore":4.5},{"jaarloon":5.5225,"gelukscore":4.6},{"jaarloon":5.5405,"gelukscore":4.7},{"jaarloon":5.5586,"gelukscore":4.3},{"jaarloon":5.5766,"gelukscore":4.7},{"jaarloon":5.5946,"gelukscore":3.1},{"jaarloon":5.6126,"gelukscore":4.5},{"jaarloon":5.6306,"gelukscore":6.2},{"jaarloon":5.6486,"gelukscore":3.9},{"jaarloon":5.6667,"gelukscore":4.9},{"jaarloon":5.6847,"gelukscore":4.2},{"jaarloon":5.7027,"gelukscore":4.5},{"jaarloon":5.7207,"gelukscore":6.1},{"jaarloon":5.7387,"gelukscore":4.6},{"jaarloon":5.7568,"gelukscore":5.2},{"jaarloon":5.7748,"gelukscore":4.1},{"jaarloon":5.7928,"gelukscore":2.8},{"jaarloon":5.8108,"gelukscore":2.8},{"jaarloon":5.8288,"gelukscore":4.7},{"jaarloon":5.8468,"gelukscore":3.7},{"jaarloon":5.8649,"gelukscore":4.1},{"jaarloon":5.8829,"gelukscore":4.6},{"jaarloon":5.9009,"gelukscore":3.4},{"jaarloon":5.9189,"gelukscore":5.4},{"jaarloon":5.9369,"gelukscore":3.0},{"jaarloon":5.955,"gelukscore":3.3},{"jaarloon":5.973,"gelukscore":3.6},{"jaarloon":5.991,"gelukscore":4.8},{"jaarloon":6.009,"gelukscore":4.4},{"jaarloon":6.027,"gelukscore":4.4},{"jaarloon":6.045,"gelukscore":4.2},{"jaarloon":6.0631,"gelukscore":5.0},{"jaarloon":6.0811,"gelukscore":4.8},{"jaarloon":6.0991,"gelukscore":4.8},{"jaarloon":6.1171,"gelukscore":2.9},{"jaarloon":6.1351,"gelukscore":4.3},{"jaarloon":6.1532,"gelukscore":2.5},{"jaarloon":6.1712,"gelukscore":5.3},{"jaarloon":6.1892,"gelukscore":4.3},{"jaarloon":6.2072,"gelukscore":3.7},{"jaarloon":6.2252,"gelukscore":5.7},{"jaarloon":6.2432,"gelukscore":5.0},{"jaarloon":6.2613,"gelukscore":3.5},{"jaarloon":6.2793,"gelukscore":3.8},{"jaarloon":6.2973,"gelukscore":6.1},{"jaarloon":6.3153,"gelukscore":5.5},{"jaarloon":6.3333,"gelukscore":5.1},{"jaarloon":6.3514,"gelukscore":4.9},{"jaarloon":6.3694,"gelukscore":3.8},{"jaarloon":6.3874,"gelukscore":3.0},{"jaarloon":6.4054,"gelukscore":4.0},{"jaarloon":6.4234,"gelukscore":5.7},{"jaarloon":6.4414,"gelukscore":4.3},{"jaarloon":6.4595,"gelukscore":5.3},{"jaarloon":6.4775,"gelukscore":4.0},{"jaarloon":6.4955,"gelukscore":3.1},{"jaarloon":6.5135,"gelukscore":5.1},{"jaarloon":6.5315,"gelukscore":5.2},{"jaarloon":6.5495,"gelukscore":4.1},{"jaarloon":6.5676,"gelukscore":5.0},{"jaarloon":6.5856,"gelukscore":4.0},{"jaarloon":6.6036,"gelukscore":4.2},{"jaarloon":6.6216,"gelukscore":3.3},{"jaarloon":6.6396,"gelukscore":3.0},{"jaarloon":6.6577,"gelukscore":3.4},{"jaarloon":6.6757,"gelukscore":5.3},{"jaarloon":6.6937,"gelukscore":5.1},{"jaarloon":6.7117,"gelukscore":5.2},{"jaarloon":6.7297,"gelukscore":6.1},{"jaarloon":6.7477,"gelukscore":4.8},{"jaarloon":6.7658,"gelukscore":3.5},{"jaarloon":6.7838,"gelukscore":5.6},{"jaarloon":6.8018,"gelukscore":3.9},{"jaarloon":6.8198,"gelukscore":4.8},{"jaarloon":6.8378,"gelukscore":5.9},{"jaarloon":6.8559,"gelukscore":2.4},{"jaarloon":6.8739,"gelukscore":7.2},{"jaarloon":6.8919,"gelukscore":4.8},{"jaarloon":6.9099,"gelukscore":5.7},{"jaarloon":6.9279,"gelukscore":5.0},{"jaarloon":6.9459,"gelukscore":3.2},{"jaarloon":6.964,"gelukscore":5.7},{"jaarloon":6.982,"gelukscore":4.0},{"jaarloon":7.0,"gelukscore":5.7},{"jaarloon":7.018,"gelukscore":6.2},{"jaarloon":7.036,"gelukscore":3.5},{"jaarloon":7.0541,"gelukscore":4.0},{"jaarloon":7.0721,"gelukscore":4.0},{"jaarloon":7.0901,"gelukscore":4.9},{"jaarloon":7.1081,"gelukscore":5.3},{"jaarloon":7.1261,"gelukscore":5.7},{"jaarloon":7.1441,"gelukscore":4.4},{"jaarloon":7.1622,"gelukscore":5.9},{"jaarloon":7.1802,"gelukscore":3.6},{"jaarloon":7.1982,"gelukscore":5.5},{"jaarloon":7.2162,"gelukscore":4.9},{"jaarloon":7.2342,"gelukscore":4.0},{"jaarloon":7.2523,"gelukscore":5.8},{"jaarloon":7.2703,"gelukscore":5.8},{"jaarloon":7.2883,"gelukscore":4.9},{"jaarloon":7.3063,"gelukscore":6.3},{"jaarloon":7.3243,"gelukscore":5.5},{"jaarloon":7.3423,"gelukscore":4.2},{"jaarloon":7.3604,"gelukscore":4.1},{"jaarloon":7.3784,"gelukscore":3.9},{"jaarloon":7.3964,"gelukscore":6.1},{"jaarloon":7.4144,"gelukscore":6.0},{"jaarloon":7.4324,"gelukscore":5.6},{"jaarloon":7.4505,"gelukscore":6.6},{"jaarloon":7.4685,"gelukscore":4.8},{"jaarloon":7.4865,"gelukscore":6.5},{"jaarloon":7.5045,"gelukscore":5.6},{"jaarloon":7.5225,"gelukscore":5.0},{"jaarloon":7.5405,"gelukscore":5.2},{"jaarloon":7.5586,"gelukscore":4.6},{"jaarloon":7.5766,"gelukscore":5.4},{"jaarloon":7.5946,"gelukscore":3.6},{"jaarloon":7.6126,"gelukscore":3.8},{"jaarloon":7.6306,"gelukscore":4.8},{"jaarloon":7.6486,"gelukscore":6.3},{"jaarloon":7.6667,"gelukscore":5.7},{"jaarloon":7.6847,"gelukscore":6.4},{"jaarloon":7.7027,"gelukscore":3.8},{"jaarloon":7.7207,"gelukscore":6.0},{"jaarloon":7.7387,"gelukscore":5.8},{"jaarloon":7.7568,"gelukscore":5.3},{"jaarloon":7.7748,"gelukscore":5.9},{"jaarloon":7.7928,"gelukscore":5.3},{"jaarloon":7.8108,"gelukscore":6.5},{"jaarloon":7.8288,"gelukscore":4.6},{"jaarloon":7.8468,"gelukscore":3.7},{"jaarloon":7.8649,"gelukscore":5.6},{"jaarloon":7.8829,"gelukscore":6.5},{"jaarloon":7.9009,"gelukscore":5.5},{"jaarloon":7.9189,"gelukscore":5.4},{"jaarloon":7.9369,"gelukscore":4.1},{"jaarloon":7.955,"gelukscore":6.3},{"jaarloon":7.973,"gelukscore":6.4},{"jaarloon":7.991,"gelukscore":6.8},{"jaarloon":8.009,"gelukscore":5.6},{"jaarloon":8.027,"gelukscore":6.5},{"jaarloon":8.045,"gelukscore":4.1},{"jaarloon":8.0631,"gelukscore":4.6},{"jaarloon":8.0811,"gelukscore":7.7},{"jaarloon":8.0991,"gelukscore":8.5},{"jaarloon":8.1171,"gelukscore":8.7},{"jaarloon":8.1351,"gelukscore":5.9},{"jaarloon":8.1532,"gelukscore":6.2},{"jaarloon":8.1712,"gelukscore":5.8},{"jaarloon":8.1892,"gelukscore":5.1},{"jaarloon":8.2072,"gelukscore":5.6},{"jaarloon":8.2252,"gelukscore":4.8},{"jaarloon":8.2432,"gelukscore":6.1},{"jaarloon":8.2613,"gelukscore":5.9},{"jaarloon":8.2793,"gelukscore":6.7},{"jaarloon":8.2973,"gelukscore":6.9},{"jaarloon":8.3153,"gelukscore":7.4},{"jaarloon":8.3333,"gelukscore":6.0},{"jaarloon":8.3514,"gelukscore":6.0},{"jaarloon":8.3694,"gelukscore":6.1},{"jaarloon":8.3874,"gelukscore":6.9},{"jaarloon":8.4054,"gelukscore":5.1},{"jaarloon":8.4234,"gelukscore":5.1},{"jaarloon":8.4414,"gelukscore":8.0},{"jaarloon":8.4595,"gelukscore":6.0},{"jaarloon":8.4775,"gelukscore":6.0},{"jaarloon":8.4955,"gelukscore":7.5},{"jaarloon":8.5135,"gelukscore":7.1},{"jaarloon":8.5315,"gelukscore":5.9},{"jaarloon":8.5495,"gelukscore":6.3},{"jaarloon":8.5676,"gelukscore":7.1},{"jaarloon":8.5856,"gelukscore":8.1},{"jaarloon":8.6036,"gelukscore":7.3},{"jaarloon":8.6216,"gelukscore":6.4},{"jaarloon":8.6396,"gelukscore":7.2},{"jaarloon":8.6577,"gelukscore":6.9},{"jaarloon":8.6757,"gelukscore":5.8},{"jaarloon":8.6937,"gelukscore":7.9},{"jaarloon":8.7117,"gelukscore":6.5},{"jaarloon":8.7297,"gelukscore":6.3},{"jaarloon":8.7477,"gelukscore":6.7},{"jaarloon":8.7658,"gelukscore":7.1},{"jaarloon":8.7838,"gelukscore":6.9},{"jaarloon":8.8018,"gelukscore":6.5},{"jaarloon":8.8198,"gelukscore":8.0},{"jaarloon":8.8378,"gelukscore":5.6},{"jaarloon":8.8559,"gelukscore":6.8},{"jaarloon":8.8739,"gelukscore":6.4},{"jaarloon":8.8919,"gelukscore":7.3},{"jaarloon":8.9099,"gelukscore":5.3},{"jaarloon":8.9279,"gelukscore":6.5},{"jaarloon":8.9459,"gelukscore":4.5},{"jaarloon":8.964,"gelukscore":4.9},{"jaarloon":8.982,"gelukscore":6.0},{"jaarloon":9.0,"gelukscore":7.9},{"jaarloon":9.018,"gelukscore":7.2},{"jaarloon":9.036,"gelukscore":5.9},{"jaarloon":9.0541,"gelukscore":8.2},{"jaarloon":9.0721,"gelukscore":5.2},{"jaarloon":9.0901,"gelukscore":7.9},{"jaarloon":9.1081,"gelukscore":6.1},{"jaarloon":9.1261,"gelukscore":7.6},{"jaarloon":9.1441,"gelukscore":6.4},{"jaarloon":9.1622,"gelukscore":5.1},{"jaarloon":9.1802,"gelukscore":7.1},{"jaarloon":9.1982,"gelukscore":7.5},{"jaarloon":9.2162,"gelukscore":7.4},{"jaarloon":9.2342,"gelukscore":6.3},{"jaarloon":9.2523,"gelukscore":6.0},{"jaarloon":9.2703,"gelukscore":6.2},{"jaarloon":9.2883,"gelukscore":5.3},{"jaarloon":9.3063,"gelukscore":6.5},{"jaarloon":9.3243,"gelukscore":5.5},{"jaarloon":9.3423,"gelukscore":6.0},{"jaarloon":9.3604,"gelukscore":6.5},{"jaarloon":9.3784,"gelukscore":7.1},{"jaarloon":9.3964,"gelukscore":5.0},{"jaarloon":9.4144,"gelukscore":5.4},{"jaarloon":9.4324,"gelukscore":5.1},{"jaarloon":9.4505,"gelukscore":6.4},{"jaarloon":9.4685,"gelukscore":5.3},{"jaarloon":9.4865,"gelukscore":7.7},{"jaarloon":9.5045,"gelukscore":7.6},{"jaarloon":9.5225,"gelukscore":7.1},{"jaarloon":9.5405,"gelukscore":8.3},{"jaarloon":9.5586,"gelukscore":5.9},{"jaarloon":9.5766,"gelukscore":8.2},{"jaarloon":9.5946,"gelukscore":6.3},{"jaarloon":9.6126,"gelukscore":5.5},{"jaarloon":9.6306,"gelukscore":5.5},{"jaarloon":9.6486,"gelukscore":5.8},{"jaarloon":9.6667,"gelukscore":6.1},{"jaarloon":9.6847,"gelukscore":6.4},{"jaarloon":9.7027,"gelukscore":7.0},{"jaarloon":9.7207,"gelukscore":5.0},{"jaarloon":9.7387,"gelukscore":5.5},{"jaarloon":9.7568,"gelukscore":5.9},{"jaarloon":9.7748,"gelukscore":8.2},{"jaarloon":9.7928,"gelukscore":7.9},{"jaarloon":9.8108,"gelukscore":5.6},{"jaarloon":9.8288,"gelukscore":6.8},{"jaarloon":9.8468,"gelukscore":6.0},{"jaarloon":9.8649,"gelukscore":6.9},{"jaarloon":9.8829,"gelukscore":5.1},{"jaarloon":9.9009,"gelukscore":8.0},{"jaarloon":9.9189,"gelukscore":7.1},{"jaarloon":9.9369,"gelukscore":6.4},{"jaarloon":9.955,"gelukscore":5.1},{"jaarloon":9.973,"gelukscore":5.5},{"jaarloon":9.991,"gelukscore":5.4},{"jaarloon":10.009,"gelukscore":6.2},{"jaarloon":10.027,"gelukscore":7.2},{"jaarloon":10.045,"gelukscore":7.0},{"jaarloon":10.0631,"gelukscore":7.0},{"jaarloon":10.0811,"gelukscore":6.3},{"jaarloon":10.0991,"gelukscore":5.6},{"jaarloon":10.1171,"gelukscore":6.6},{"jaarloon":10.1351,"gelukscore":7.6},{"jaarloon":10.1532,"gelukscore":7.0},{"jaarloon":10.1712,"gelukscore":4.3},{"jaarloon":10.1892,"gelukscore":6.9},{"jaarloon":10.2072,"gelukscore":7.2},{"jaarloon":10.2252,"gelukscore":5.5},{"jaarloon":10.2432,"gelukscore":6.8},{"jaarloon":10.2613,"gelukscore":7.1},{"jaarloon":10.2793,"gelukscore":7.8},{"jaarloon":10.2973,"gelukscore":6.2},{"jaarloon":10.3153,"gelukscore":7.0},{"jaarloon":10.3333,"gelukscore":5.8},{"jaarloon":10.3514,"gelukscore":6.3},{"jaarloon":10.3694,"gelukscore":6.9},{"jaarloon":10.3874,"gelukscore":5.8},{"jaarloon":10.4054,"gelukscore":6.2},{"jaarloon":10.4234,"gelukscore":5.6},{"jaarloon":10.4414,"gelukscore":6.5},{"jaarloon":10.4595,"gelukscore":6.2},{"jaarloon":10.4775,"gelukscore":6.0},{"jaarloon":10.4955,"gelukscore":7.4},{"jaarloon":10.5135,"gelukscore":5.0},{"jaarloon":10.5315,"gelukscore":7.5},{"jaarloon":10.5495,"gelukscore":7.3},{"jaarloon":10.5676,"gelukscore":6.6},{"jaarloon":10.5856,"gelukscore":7.3},{"jaarloon":10.6036,"gelukscore":7.2},{"jaarloon":10.6216,"gelukscore":6.0},{"jaarloon":10.6396,"gelukscore":7.5},{"jaarloon":10.6577,"gelukscore":8.5},{"jaarloon":10.6757,"gelukscore":5.7},{"jaarloon":10.6937,"gelukscore":7.1},{"jaarloon":10.7117,"gelukscore":6.5},{"jaarloon":10.7297,"gelukscore":6.1},{"jaarloon":10.7477,"gelukscore":5.9},{"jaarloon":10.7658,"gelukscore":7.0},{"jaarloon":10.7838,"gelukscore":6.2},{"jaarloon":10.8018,"gelukscore":7.8},{"jaarloon":10.8198,"gelukscore":5.5},{"jaarloon":10.8378,"gelukscore":9.4},{"jaarloon":10.8559,"gelukscore":4.8},{"jaarloon":10.8739,"gelukscore":6.2},{"jaarloon":10.8919,"gelukscore":8.3},{"jaarloon":10.9099,"gelukscore":6.7},{"jaarloon":10.9279,"gelukscore":8.9},{"jaarloon":10.9459,"gelukscore":8.5},{"jaarloon":10.964,"gelukscore":7.7},{"jaarloon":10.982,"gelukscore":7.4},{"jaarloon":11.0,"gelukscore":8.3},{"jaarloon":11.018,"gelukscore":7.3},{"jaarloon":11.036,"gelukscore":9.1},{"jaarloon":11.0541,"gelukscore":5.7},{"jaarloon":11.0721,"gelukscore":8.5},{"jaarloon":11.0901,"gelukscore":7.0},{"jaarloon":11.1081,"gelukscore":8.3},{"jaarloon":11.1261,"gelukscore":5.3},{"jaarloon":11.1441,"gelukscore":6.4},{"jaarloon":11.1622,"gelukscore":7.9},{"jaarloon":11.1802,"gelukscore":7.2},{"jaarloon":11.1982,"gelukscore":6.4},{"jaarloon":11.2162,"gelukscore":6.3},{"jaarloon":11.2342,"gelukscore":5.9},{"jaarloon":11.2523,"gelukscore":6.7},{"jaarloon":11.2703,"gelukscore":7.6},{"jaarloon":11.2883,"gelukscore":8.3},{"jaarloon":11.3063,"gelukscore":8.4},{"jaarloon":11.3243,"gelukscore":7.4},{"jaarloon":11.3423,"gelukscore":7.9},{"jaarloon":11.3604,"gelukscore":7.5},{"jaarloon":11.3784,"gelukscore":6.4},{"jaarloon":11.3964,"gelukscore":7.4},{"jaarloon":11.4144,"gelukscore":8.0},{"jaarloon":11.4324,"gelukscore":5.3},{"jaarloon":11.4505,"gelukscore":7.0},{"jaarloon":11.4685,"gelukscore":5.5},{"jaarloon":11.4865,"gelukscore":4.5},{"jaarloon":11.5045,"gelukscore":5.9},{"jaarloon":11.5225,"gelukscore":7.5},{"jaarloon":11.5405,"gelukscore":6.0},{"jaarloon":11.5586,"gelukscore":6.4},{"jaarloon":11.5766,"gelukscore":8.3},{"jaarloon":11.5946,"gelukscore":8.5},{"jaarloon":11.6126,"gelukscore":6.2},{"jaarloon":11.6306,"gelukscore":5.6},{"jaarloon":11.6486,"gelukscore":4.9},{"jaarloon":11.6667,"gelukscore":6.7},{"jaarloon":11.6847,"gelukscore":7.5},{"jaarloon":11.7027,"gelukscore":7.8},{"jaarloon":11.7207,"gelukscore":6.4},{"jaarloon":11.7387,"gelukscore":6.0},{"jaarloon":11.7568,"gelukscore":7.1},{"jaarloon":11.7748,"gelukscore":8.2},{"jaarloon":11.7928,"gelukscore":6.3},{"jaarloon":11.8108,"gelukscore":7.5},{"jaarloon":11.8288,"gelukscore":8.1},{"jaarloon":11.8468,"gelukscore":6.6},{"jaarloon":11.8649,"gelukscore":6.3},{"jaarloon":11.8829,"gelukscore":6.1},{"jaarloon":11.9009,"gelukscore":6.7},{"jaarloon":11.9189,"gelukscore":7.1},{"jaarloon":11.9369,"gelukscore":7.7},{"jaarloon":11.955,"gelukscore":7.8},{"jaarloon":11.973,"gelukscore":7.0},{"jaarloon":11.991,"gelukscore":8.2},{"jaarloon":12.009,"gelukscore":6.7},{"jaarloon":12.027,"gelukscore":6.7},{"jaarloon":12.045,"gelukscore":8.1},{"jaarloon":12.0631,"gelukscore":7.8},{"jaarloon":12.0811,"gelukscore":7.0},{"jaarloon":12.0991,"gelukscore":8.6},{"jaarloon":12.1171,"gelukscore":6.7},{"jaarloon":12.1351,"gelukscore":6.0},{"jaarloon":12.1532,"gelukscore":7.0},{"jaarloon":12.1712,"gelukscore":7.7},{"jaarloon":12.1892,"gelukscore":7.5},{"jaarloon":12.2072,"gelukscore":5.9},{"jaarloon":12.2252,"gelukscore":7.4},{"jaarloon":12.2432,"gelukscore":7.6},{"jaarloon":12.2613,"gelukscore":6.0},{"jaarloon":12.2793,"gelukscore":8.0},{"jaarloon":12.2973,"gelukscore":8.0},{"jaarloon":12.3153,"gelukscore":6.7},{"jaarloon":12.3333,"gelukscore":8.2},{"jaarloon":12.3514,"gelukscore":6.5},{"jaarloon":12.3694,"gelukscore":5.8},{"jaarloon":12.3874,"gelukscore":7.1},{"jaarloon":12.4054,"gelukscore":8.0},{"jaarloon":12.4234,"gelukscore":7.6},{"jaarloon":12.4414,"gelukscore":8.9},{"jaarloon":12.4595,"gelukscore":6.1},{"jaarloon":12.4775,"gelukscore":7.3},{"jaarloon":12.4955,"gelukscore":7.3},{"jaarloon":12.5135,"gelukscore":6.0},{"jaarloon":12.5315,"gelukscore":6.8},{"jaarloon":12.5495,"gelukscore":6.6},{"jaarloon":12.5676,"gelukscore":6.2},{"jaarloon":12.5856,"gelukscore":7.4},{"jaarloon":12.6036,"gelukscore":6.5},{"jaarloon":12.6216,"gelukscore":6.3},{"jaarloon":12.6396,"gelukscore":9.5},{"jaarloon":12.6577,"gelukscore":7.4},{"jaarloon":12.6757,"gelukscore":7.9},{"jaarloon":12.6937,"gelukscore":7.1},{"jaarloon":12.7117,"gelukscore":6.5},{"jaarloon":12.7297,"gelukscore":7.4},{"jaarloon":12.7477,"gelukscore":8.1},{"jaarloon":12.7658,"gelukscore":8.1},{"jaarloon":12.7838,"gelukscore":7.7},{"jaarloon":12.8018,"gelukscore":6.7},{"jaarloon":12.8198,"gelukscore":5.8},{"jaarloon":12.8378,"gelukscore":7.2},{"jaarloon":12.8559,"gelukscore":6.7},{"jaarloon":12.8739,"gelukscore":6.8},{"jaarloon":12.8919,"gelukscore":9.8},{"jaarloon":12.9099,"gelukscore":7.4},{"jaarloon":12.9279,"gelukscore":8.5},{"jaarloon":12.9459,"gelukscore":8.2},{"jaarloon":12.964,"gelukscore":6.6},{"jaarloon":12.982,"gelukscore":6.7},{"jaarloon":13.0,"gelukscore":7.4},{"jaarloon":13.018,"gelukscore":6.3},{"jaarloon":13.036,"gelukscore":8.6},{"jaarloon":13.0541,"gelukscore":7.1},{"jaarloon":13.0721,"gelukscore":8.7},{"jaarloon":13.0901,"gelukscore":7.1},{"jaarloon":13.1081,"gelukscore":9.1},{"jaarloon":13.1261,"gelukscore":6.0},{"jaarloon":13.1441,"gelukscore":7.4},{"jaarloon":13.1622,"gelukscore":8.9},{"jaarloon":13.1802,"gelukscore":7.3},{"jaarloon":13.1982,"gelukscore":7.1},{"jaarloon":13.2162,"gelukscore":6.8},{"jaarloon":13.2342,"gelukscore":8.3},{"jaarloon":13.2523,"gelukscore":8.8},{"jaarloon":13.2703,"gelukscore":8.0},{"jaarloon":13.2883,"gelukscore":5.2},{"jaarloon":13.3063,"gelukscore":6.5},{"jaarloon":13.3243,"gelukscore":7.1},{"jaarloon":13.3423,"gelukscore":7.7},{"jaarloon":13.3604,"gelukscore":7.2},{"jaarloon":13.3784,"gelukscore":8.9},{"jaarloon":13.3964,"gelukscore":7.4},{"jaarloon":13.4144,"gelukscore":8.1},{"jaarloon":13.4324,"gelukscore":8.1},{"jaarloon":13.4505,"gelukscore":6.8},{"jaarloon":13.4685,"gelukscore":7.8},{"jaarloon":13.4865,"gelukscore":7.4},{"jaarloon":13.5045,"gelukscore":8.2},{"jaarloon":13.5225,"gelukscore":7.3},{"jaarloon":13.5405,"gelukscore":6.9},{"jaarloon":13.5586,"gelukscore":7.4},{"jaarloon":13.5766,"gelukscore":6.3},{"jaarloon":13.5946,"gelukscore":7.9},{"jaarloon":13.6126,"gelukscore":5.9},{"jaarloon":13.6306,"gelukscore":6.8},{"jaarloon":13.6486,"gelukscore":7.5},{"jaarloon":13.6667,"gelukscore":6.6},{"jaarloon":13.6847,"gelukscore":8.7},{"jaarloon":13.7027,"gelukscore":7.9},{"jaarloon":13.7207,"gelukscore":8.4},{"jaarloon":13.7387,"gelukscore":10.0},{"jaarloon":13.7568,"gelukscore":8.6},{"jaarloon":13.7748,"gelukscore":10.0},{"jaarloon":13.7928,"gelukscore":6.9},{"jaarloon":13.8108,"gelukscore":7.3},{"jaarloon":13.8288,"gelukscore":6.6},{"jaarloon":13.8468,"gelukscore":7.0},{"jaarloon":13.8649,"gelukscore":6.7},{"jaarloon":13.8829,"gelukscore":7.8},{"jaarloon":13.9009,"gelukscore":7.8},{"jaarloon":13.9189,"gelukscore":6.4},{"jaarloon":13.9369,"gelukscore":6.7},{"jaarloon":13.955,"gelukscore":7.8},{"jaarloon":13.973,"gelukscore":5.2},{"jaarloon":13.991,"gelukscore":7.9},{"jaarloon":14.009,"gelukscore":7.6},{"jaarloon":14.027,"gelukscore":8.7},{"jaarloon":14.045,"gelukscore":8.2},{"jaarloon":14.0631,"gelukscore":7.5},{"jaarloon":14.0811,"gelukscore":7.2},{"jaarloon":14.0991,"gelukscore":8.2},{"jaarloon":14.1171,"gelukscore":7.7},{"jaarloon":14.1351,"gelukscore":7.5},{"jaarloon":14.1532,"gelukscore":8.6},{"jaarloon":14.1712,"gelukscore":7.5},{"jaarloon":14.1892,"gelukscore":8.1},{"jaarloon":14.2072,"gelukscore":9.6},{"jaarloon":14.2252,"gelukscore":5.7},{"jaarloon":14.2432,"gelukscore":7.5},{"jaarloon":14.2613,"gelukscore":6.7},{"jaarloon":14.2793,"gelukscore":7.3},{"jaarloon":14.2973,"gelukscore":8.2},{"jaarloon":14.3153,"gelukscore":7.9},{"jaarloon":14.3333,"gelukscore":6.3},{"jaarloon":14.3514,"gelukscore":7.9},{"jaarloon":14.3694,"gelukscore":7.8},{"jaarloon":14.3874,"gelukscore":6.6},{"jaarloon":14.4054,"gelukscore":8.6},{"jaarloon":14.4234,"gelukscore":7.6},{"jaarloon":14.4414,"gelukscore":8.7},{"jaarloon":14.4595,"gelukscore":7.5},{"jaarloon":14.4775,"gelukscore":7.3},{"jaarloon":14.4955,"gelukscore":7.0},{"jaarloon":14.5135,"gelukscore":8.2},{"jaarloon":14.5315,"gelukscore":8.3},{"jaarloon":14.5495,"gelukscore":8.7},{"jaarloon":14.5676,"gelukscore":8.3},{"jaarloon":14.5856,"gelukscore":7.4},{"jaarloon":14.6036,"gelukscore":8.3},{"jaarloon":14.6216,"gelukscore":8.3},{"jaarloon":14.6396,"gelukscore":8.6},{"jaarloon":14.6577,"gelukscore":6.0},{"jaarloon":14.6757,"gelukscore":7.7},{"jaarloon":14.6937,"gelukscore":7.8},{"jaarloon":14.7117,"gelukscore":8.1},{"jaarloon":14.7297,"gelukscore":8.4},{"jaarloon":14.7477,"gelukscore":8.5},{"jaarloon":14.7658,"gelukscore":7.9},{"jaarloon":14.7838,"gelukscore":7.9},{"jaarloon":14.8018,"gelukscore":9.4},{"jaarloon":14.8198,"gelukscore":6.9},{"jaarloon":14.8378,"gelukscore":8.4},{"jaarloon":14.8559,"gelukscore":5.7},{"jaarloon":14.8739,"gelukscore":5.9},{"jaarloon":14.8919,"gelukscore":7.2},{"jaarloon":14.9099,"gelukscore":8.1},{"jaarloon":14.9279,"gelukscore":8.2},{"jaarloon":14.9459,"gelukscore":8.7},{"jaarloon":14.964,"gelukscore":9.0},{"jaarloon":14.982,"gelukscore":7.3},{"jaarloon":15.0,"gelukscore":8.7},{"jaarloon":15.018,"gelukscore":7.5},{"jaarloon":15.036,"gelukscore":7.3},{"jaarloon":15.0541,"gelukscore":6.8},{"jaarloon":15.0721,"gelukscore":7.4},{"jaarloon":15.0901,"gelukscore":6.7},{"jaarloon":15.1081,"gelukscore":8.0},{"jaarloon":15.1261,"gelukscore":6.7},{"jaarloon":15.1441,"gelukscore":6.8},{"jaarloon":15.1622,"gelukscore":6.6},{"jaarloon":15.1802,"gelukscore":9.1},{"jaarloon":15.1982,"gelukscore":7.2},{"jaarloon":15.2162,"gelukscore":7.3},{"jaarloon":15.2342,"gelukscore":7.9},{"jaarloon":15.2523,"gelukscore":7.3},{"jaarloon":15.2703,"gelukscore":8.5},{"jaarloon":15.2883,"gelukscore":7.5},{"jaarloon":15.3063,"gelukscore":8.2},{"jaarloon":15.3243,"gelukscore":7.4},{"jaarloon":15.3423,"gelukscore":7.1},{"jaarloon":15.3604,"gelukscore":7.5},{"jaarloon":15.3784,"gelukscore":8.4},{"jaarloon":15.3964,"gelukscore":8.6},{"jaarloon":15.4144,"gelukscore":8.1},{"jaarloon":15.4324,"gelukscore":6.9},{"jaarloon":15.4505,"gelukscore":7.0},{"jaarloon":15.4685,"gelukscore":6.4},{"jaarloon":15.4865,"gelukscore":8.0},{"jaarloon":15.5045,"gelukscore":8.0},{"jaarloon":15.5225,"gelukscore":7.2},{"jaarloon":15.5405,"gelukscore":7.0},{"jaarloon":15.5586,"gelukscore":8.3},{"jaarloon":15.5766,"gelukscore":7.8},{"jaarloon":15.5946,"gelukscore":7.3},{"jaarloon":15.6126,"gelukscore":7.5},{"jaarloon":15.6306,"gelukscore":8.0},{"jaarloon":15.6486,"gelukscore":7.2},{"jaarloon":15.6667,"gelukscore":6.3},{"jaarloon":15.6847,"gelukscore":9.6},{"jaarloon":15.7027,"gelukscore":6.7},{"jaarloon":15.7207,"gelukscore":6.6},{"jaarloon":15.7387,"gelukscore":6.1},{"jaarloon":15.7568,"gelukscore":8.1},{"jaarloon":15.7748,"gelukscore":6.2},{"jaarloon":15.7928,"gelukscore":7.0},{"jaarloon":15.8108,"gelukscore":7.4},{"jaarloon":15.8288,"gelukscore":7.2},{"jaarloon":15.8468,"gelukscore":9.0},{"jaarloon":15.8649,"gelukscore":8.1},{"jaarloon":15.8829,"gelukscore":6.9},{"jaarloon":15.9009,"gelukscore":7.4},{"jaarloon":15.9189,"gelukscore":7.9},{"jaarloon":15.9369,"gelukscore":8.4},{"jaarloon":15.955,"gelukscore":5.4},{"jaarloon":15.973,"gelukscore":8.9},{"jaarloon":15.991,"gelukscore":8.5},{"jaarloon":16.009,"gelukscore":5.7},{"jaarloon":16.027,"gelukscore":6.4},{"jaarloon":16.045,"gelukscore":6.1},{"jaarloon":16.0631,"gelukscore":7.7},{"jaarloon":16.0811,"gelukscore":9.1},{"jaarloon":16.0991,"gelukscore":7.4},{"jaarloon":16.1171,"gelukscore":8.2},{"jaarloon":16.1351,"gelukscore":7.7},{"jaarloon":16.1532,"gelukscore":7.1},{"jaarloon":16.1712,"gelukscore":6.4},{"jaarloon":16.1892,"gelukscore":8.6},{"jaarloon":16.2072,"gelukscore":6.2},{"jaarloon":16.2252,"gelukscore":6.8},{"jaarloon":16.2432,"gelukscore":6.8},{"jaarloon":16.2613,"gelukscore":7.0},{"jaarloon":16.2793,"gelukscore":8.1},{"jaarloon":16.2973,"gelukscore":7.1},{"jaarloon":16.3153,"gelukscore":8.6},{"jaarloon":16.3333,"gelukscore":8.8},{"jaarloon":16.3514,"gelukscore":7.0},{"jaarloon":16.3694,"gelukscore":7.4},{"jaarloon":16.3874,"gelukscore":7.6},{"jaarloon":16.4054,"gelukscore":7.6},{"jaarloon":16.4234,"gelukscore":6.9},{"jaarloon":16.4414,"gelukscore":7.7},{"jaarloon":16.4595,"gelukscore":8.4},{"jaarloon":16.4775,"gelukscore":7.9},{"jaarloon":16.4955,"gelukscore":9.4},{"jaarloon":16.5135,"gelukscore":6.4},{"jaarloon":16.5315,"gelukscore":8.2},{"jaarloon":16.5495,"gelukscore":6.1},{"jaarloon":16.5676,"gelukscore":9.7},{"jaarloon":16.5856,"gelukscore":8.8},{"jaarloon":16.6036,"gelukscore":6.3},{"jaarloon":16.6216,"gelukscore":7.2},{"jaarloon":16.6396,"gelukscore":7.7},{"jaarloon":16.6577,"gelukscore":9.7},{"jaarloon":16.6757,"gelukscore":7.2},{"jaarloon":16.6937,"gelukscore":10.0},{"jaarloon":16.7117,"gelukscore":7.9},{"jaarloon":16.7297,"gelukscore":8.3},{"jaarloon":16.7477,"gelukscore":8.5},{"jaarloon":16.7658,"gelukscore":9.1},{"jaarloon":16.7838,"gelukscore":8.3},{"jaarloon":16.8018,"gelukscore":8.5},{"jaarloon":16.8198,"gelukscore":8.5},{"jaarloon":16.8378,"gelukscore":7.8},{"jaarloon":16.8559,"gelukscore":9.5},{"jaarloon":16.8739,"gelukscore":9.6},{"jaarloon":16.8919,"gelukscore":8.4},{"jaarloon":16.9099,"gelukscore":9.3},{"jaarloon":16.9279,"gelukscore":8.6},{"jaarloon":16.9459,"gelukscore":9.1},{"jaarloon":16.964,"gelukscore":8.5},{"jaarloon":16.982,"gelukscore":8.7},{"jaarloon":17.0,"gelukscore":5.5},{"jaarloon":17.018,"gelukscore":6.8},{"jaarloon":17.036,"gelukscore":8.3},{"jaarloon":17.0541,"gelukscore":8.8},{"jaarloon":17.0721,"gelukscore":8.7},{"jaarloon":17.0901,"gelukscore":7.3},{"jaarloon":17.1081,"gelukscore":8.1},{"jaarloon":17.1261,"gelukscore":8.6},{"jaarloon":17.1441,"gelukscore":8.3},{"jaarloon":17.1622,"gelukscore":7.2},{"jaarloon":17.1802,"gelukscore":8.4},{"jaarloon":17.1982,"gelukscore":8.5},{"jaarloon":17.2162,"gelukscore":6.8},{"jaarloon":17.2342,"gelukscore":6.9},{"jaarloon":17.2523,"gelukscore":7.8},{"jaarloon":17.2703,"gelukscore":9.1},{"jaarloon":17.2883,"gelukscore":6.4},{"jaarloon":17.3063,"gelukscore":10.0},{"jaarloon":17.3243,"gelukscore":8.8},{"jaarloon":17.3423,"gelukscore":7.9},{"jaarloon":17.3604,"gelukscore":8.4},{"jaarloon":17.3784,"gelukscore":6.7},{"jaarloon":17.3964,"gelukscore":9.2},{"jaarloon":17.4144,"gelukscore":8.2},{"jaarloon":17.4324,"gelukscore":9.2},{"jaarloon":17.4505,"gelukscore":9.0},{"jaarloon":17.4685,"gelukscore":7.9},{"jaarloon":17.4865,"gelukscore":8.8},{"jaarloon":17.5045,"gelukscore":7.5},{"jaarloon":17.5225,"gelukscore":10.0},{"jaarloon":17.5405,"gelukscore":9.1},{"jaarloon":17.5586,"gelukscore":8.3},{"jaarloon":17.5766,"gelukscore":7.2},{"jaarloon":17.5946,"gelukscore":9.3},{"jaarloon":17.6126,"gelukscore":9.7},{"jaarloon":17.6306,"gelukscore":9.4},{"jaarloon":17.6486,"gelukscore":7.3},{"jaarloon":17.6667,"gelukscore":9.1},{"jaarloon":17.6847,"gelukscore":9.2},{"jaarloon":17.7027,"gelukscore":7.9},{"jaarloon":17.7207,"gelukscore":7.4},{"jaarloon":17.7387,"gelukscore":9.4},{"jaarloon":17.7568,"gelukscore":7.8},{"jaarloon":17.7748,"gelukscore":6.9},{"jaarloon":17.7928,"gelukscore":8.9},{"jaarloon":17.8108,"gelukscore":7.8},{"jaarloon":17.8288,"gelukscore":8.7},{"jaarloon":17.8468,"gelukscore":7.2},{"jaarloon":17.8649,"gelukscore":8.5},{"jaarloon":17.8829,"gelukscore":7.9},{"jaarloon":17.9009,"gelukscore":8.3},{"jaarloon":17.9189,"gelukscore":9.5},{"jaarloon":17.9369,"gelukscore":8.8},{"jaarloon":17.955,"gelukscore":8.3},{"jaarloon":17.973,"gelukscore":9.1},{"jaarloon":17.991,"gelukscore":9.2},{"jaarloon":18.009,"gelukscore":9.2},{"jaarloon":18.027,"gelukscore":5.8},{"jaarloon":18.045,"gelukscore":10.0},{"jaarloon":18.0631,"gelukscore":7.6},{"jaarloon":18.0811,"gelukscore":10.0},{"jaarloon":18.0991,"gelukscore":8.3},{"jaarloon":18.1171,"gelukscore":9.2},{"jaarloon":18.1351,"gelukscore":7.8},{"jaarloon":18.1532,"gelukscore":10.0},{"jaarloon":18.1712,"gelukscore":9.3},{"jaarloon":18.1892,"gelukscore":7.5},{"jaarloon":18.2072,"gelukscore":8.0},{"jaarloon":18.2252,"gelukscore":6.4},{"jaarloon":18.2432,"gelukscore":9.1},{"jaarloon":18.2613,"gelukscore":9.3},{"jaarloon":18.2793,"gelukscore":10.0},{"jaarloon":18.2973,"gelukscore":9.6},{"jaarloon":18.3153,"gelukscore":10.0},{"jaarloon":18.3333,"gelukscore":10.0},{"jaarloon":18.3514,"gelukscore":9.3},{"jaarloon":18.3694,"gelukscore":8.5},{"jaarloon":18.3874,"gelukscore":10.0},{"jaarloon":18.4054,"gelukscore":10.0},{"jaarloon":18.4234,"gelukscore":9.7},{"jaarloon":18.4414,"gelukscore":10.0},{"jaarloon":18.4595,"gelukscore":6.9},{"jaarloon":18.4775,"gelukscore":8.7},{"jaarloon":18.4955,"gelukscore":8.6},{"jaarloon":18.5135,"gelukscore":9.1},{"jaarloon":18.5315,"gelukscore":9.6},{"jaarloon":18.5495,"gelukscore":8.7},{"jaarloon":18.5676,"gelukscore":8.0},{"jaarloon":18.5856,"gelukscore":9.0},{"jaarloon":18.6036,"gelukscore":7.8},{"jaarloon":18.6216,"gelukscore":10.0},{"jaarloon":18.6396,"gelukscore":8.2},{"jaarloon":18.6577,"gelukscore":9.6},{"jaarloon":18.6757,"gelukscore":8.2},{"jaarloon":18.6937,"gelukscore":10.0},{"jaarloon":18.7117,"gelukscore":8.4},{"jaarloon":18.7297,"gelukscore":9.6},{"jaarloon":18.7477,"gelukscore":8.6},{"jaarloon":18.7658,"gelukscore":9.2},{"jaarloon":18.7838,"gelukscore":8.7},{"jaarloon":18.8018,"gelukscore":9.8},{"jaarloon":18.8198,"gelukscore":8.9},{"jaarloon":18.8378,"gelukscore":10.0},{"jaarloon":18.8559,"gelukscore":10.0},{"jaarloon":18.8739,"gelukscore":9.1},{"jaarloon":18.8919,"gelukscore":8.2},{"jaarloon":18.9099,"gelukscore":9.9},{"jaarloon":18.9279,"gelukscore":9.1},{"jaarloon":18.9459,"gelukscore":9.1},{"jaarloon":18.964,"gelukscore":10.0},{"jaarloon":18.982,"gelukscore":10.0},{"jaarloon":19.0,"gelukscore":9.5}]}